DEPT,DPHI,GR,ILD,FORMATION
4899.5,5.025,108.452,9.543,1
4900,4.945,104.012,10.139,1
4900.5,4.549,97.739,11.076,1
4901,4.311,93.312,11.531,1
4901.5,4.153,91.193,11.97,1
4902,4.232,94.188,11.873,1
4902.5,4.272,98.597,11.484,1
4903,4.351,103.006,10.973,1
4903.5,4.589,107.415,10.637,1
4904,5.064,107.415,10.139,1
4904.5,4.945,103.808,10.488,1
4905,4.985,97.796,11.16,1
4905.5,5.144,93.788,12.28,1
4906,5.223,92.585,12.865,1
4906.5,5.58,90.982,13.639,1
4907,5.699,85.772,14.509,1
4907.5,4.827,78.958,15.255,1
4908,2.646,67.735,15.817,1
4908.5,0.228,61.723,16.249,1
4909,-1.635,65.731,16.219,1
4909.5,-2.151,73.747,15.861,1
4910,-0.287,81.764,15.03,1
4910.5,1.417,88.176,15.047,1
4911,3.003,90.18,14.375,1
4911.5,4.39,89.78,13.596,1
4912,4.747,90.581,12.588,1
4912.5,4.628,94.589,12.094,1
4913,4.47,96.994,11.621,1
4913.5,4.311,97.796,11.332,1
4914,4.43,98.196,10.934,1
4914.5,4.509,100.2,10.934,1
4915,4.628,101.403,10.934,1
4915.5,4.827,106.212,10.658,1
4916,4.272,111.824,10.338,1
4916.5,3.875,113.026,10.185,1
4917,3.677,109.82,10.139,1
4917.5,3.677,101.804,10.169,1
4918,3.558,96.593,10.672,1
4918.5,3.241,88.176,11.212,1
4919,2.725,85.371,11.508,1
4919.5,2.805,86.573,11.579,1
4920,3.201,86.573,11.73,1
4920.5,3.835,85.772,11.73,1
4921,4.589,84.168,11.535,1
4921.5,5.342,83.768,11.464,1
4922,5.183,82.164,11.133,1
4922.5,4.945,82.164,11.133,1
4923,4.906,83.768,11.413,1
4923.5,4.906,85.371,11.55,1
4924,4.073,83.768,11.73,1
4924.5,3.915,83.367,11.73,1
4925,3.889,85.141,11.498,1
4925.5,3.849,85.944,11.162,1
4926,4.325,86.747,11.133,1
4926.5,4.603,88.755,11.133,1
4927,4.762,89.96,11.133,1
4927.5,4.802,89.157,11.133,1
4928,4.802,88.353,10.94,1
4928.5,4.881,87.149,10.934,1
4929,5,85.542,10.736,1
4929.5,5.397,84.337,10.537,1
4930,5.714,83.133,10.537,1
4930.5,5.873,82.329,10.537,1
4931,6.032,81.526,10.537,1
4931.5,6.071,77.912,10.443,1
4932,6.19,75.502,10.139,1
4932.5,6.389,76.305,10.139,1
4933,6.468,76.305,10.139,1
4933.5,6.468,78.156,10.157,1
4934,5.992,81.764,10.159,1
4934.5,5.833,83.367,10.159,1
4935,5.556,82.565,10.359,1
4935.5,5.238,83.367,10.359,1
4936,5.198,84.97,10.361,1
4936.5,4.762,86.974,10.698,1
4937,5.079,87.776,11.035,1
4937.5,5.238,88.176,11.155,1
4938,4.762,85.772,11.155,1
4938.5,4.722,81.764,11.155,1
4939,4.762,80.561,11.155,1
4939.5,4.841,80.16,11.456,1
4940,4.603,80.561,11.554,1
4940.5,4.127,88.577,11.554,1
4941,3.413,91.383,11.554,1
4941.5,3.373,94.188,11.554,1
4942,3.611,97.395,11.554,1
4942.5,4.048,94.589,11.554,1
4943,4.524,90.982,11.22,1
4943.5,5.119,85.371,11.083,1
4944,5.357,79.76,10.956,1
4944.5,4.921,76.152,10.956,1
4945,5,76.152,10.956,1
4945.5,5,79.359,10.956,1
4946,4.762,82.164,10.956,1
4946.5,5.119,85.371,10.956,1
4947,5.437,88.577,10.956,1
4947.5,5.476,90.982,10.956,1
4948,5.635,92.184,10.956,1
4948.5,5.437,93.387,10.757,1
4949,5.198,94.99,10.558,1
4949.5,4.881,96.994,10.558,1
4950,4.444,96.787,10.676,1
4950.5,4.246,97.189,10.736,1
4951,4.286,97.992,10.736,1
4951.5,4.603,97.992,10.736,1
4952,4.881,98.394,10.736,1
4952.5,4.841,98.394,10.759,1
4953,5.04,96.787,10.934,1
4953.5,4.881,96.386,10.934,1
4954,4.603,95.181,10.934,1
4954.5,4.405,94.779,10.76,1
4955,4.405,97.59,10.51,1
4955.5,4.048,99.598,10.037,1
4956,3.929,102.41,9.553,1
4956.5,4.127,101.205,10.049,1
4957,4.325,98.795,10.602,1
4957.5,4.484,95.984,10.139,1
4958,4.484,91.968,10.338,1
4958.5,4.444,90.763,10.736,1
4959,4.563,91.968,10.736,1
4959.5,4.048,92.369,10.714,1
4960,3.492,91.566,10.378,1
4960.5,3.294,89.157,10.338,1
4961,3.73,89.157,10.338,1
4961.5,4.087,91.165,10.338,1
4962,4.325,92.771,10.338,1
4962.5,4.167,95.181,10.288,1
4963,4.048,95.984,10.139,1
4963.5,4.008,94.779,9.815,1
4964,3.73,94.779,9.742,1
4964.5,3.452,94.378,10.139,1
4965,3.175,93.173,10.139,1
4965.5,3.333,91.968,10.139,1
4966,3.492,91.968,10.139,1
4966.5,3.611,92.771,10.139,1
4967,3.889,93.387,10.359,1
4967.5,4.127,94.188,10.359,1
4968,4.206,94.589,10.359,1
4968.5,4.246,93.788,10.558,1
4969,4.048,94.589,10.558,1
4969.5,4.048,97.395,10.558,1
4970,4.167,95.391,10.558,1
4970.5,2.897,96.192,10.757,1
4971,3.095,100.2,10.757,1
4971.5,3.095,99.399,10.558,1
4972,3.294,99.399,10.558,1
4972.5,3.651,103.407,10.558,1
4973,4.563,100.2,10.543,1
4973.5,5.278,94.589,10.207,1
4974,5.556,92.184,9.96,1
4974.5,5.714,90.982,9.761,1
4975,5.937,89.96,9.761,1
4975.5,5.818,93.574,9.761,1
4976,5.421,99.197,9.96,1
4976.5,5.382,103.614,9.761,1
4977,5.263,108.032,9.761,1
4977.5,4.906,112.45,9.316,1
4978,4.708,113.253,8.964,1
4978.5,4.43,112.45,9.562,1
4979,4.192,111.245,9.562,1
4979.5,4.47,108.032,9.562,1
4980,4.906,106.827,9.562,1
4980.5,5.064,106.827,9.562,1
4981,4.945,104.819,9.562,1
4981.5,5.144,100.803,9.363,1
4982,4.945,99.598,9.363,1
4982.5,4.827,97.59,9.363,1
4983,4.747,97.189,9.363,1
4983.5,4.708,98.795,9.363,1
4984,4.708,95.984,9.363,1
4984.5,4.787,93.173,9.363,1
4985,4.747,89.558,9.363,1
4985.5,4.747,85.141,9.761,1
4986,4.866,83.133,9.763,1
4986.5,5.223,82.329,10.034,1
4987,5.659,82.329,10.159,1
4987.5,6.095,84.337,10.309,1
4988,6.254,86.345,10.534,1
4988.5,5.937,92.369,11.155,1
4989,5.937,96.787,10.788,1
4989.5,5.937,99.598,10.487,1
4990,5.619,99.598,9.814,1
4990.5,5.342,100.402,9.451,1
4991,5.302,100,9.363,1
4991.5,5.342,100,9.363,1
4992,5.738,102.41,9.421,1
4992.5,5.699,104.016,9.562,1
4993,5.421,104.016,9.696,1
4993.5,5.342,104.016,9.96,1
4994,5.183,101.205,10.159,1
4994.5,4.985,99.197,10.011,1
4995,4.787,98.795,9.761,1
4995.5,4.628,99.197,9.338,1
4996,4.668,101.606,8.839,1
4996.5,5.104,108.434,8.333,1
4997,5.818,112.851,7.825,1
4997.5,6.056,113.655,7.988,1
4998,6.254,113.655,8.271,1
4998.5,6.452,114.458,7.783,1
4999,5.976,115.663,7.769,1
4999.5,5.58,114.859,7.954,1
5000,5.5,115.261,8.765,1
5000.5,5.5,111.647,8.964,1
5001,5.382,106.426,9.437,1
5001.5,5.421,103.213,9.562,1
5002,5.223,101.205,9.562,1
5002.5,4.747,100.402,9.582,1
5003,4.668,103.614,9.918,1
5003.5,4.906,107.229,10.187,1
5004,4.47,108.032,10.523,1
5004.5,4.153,106.426,10.558,1
5005,4.787,106.024,10.558,1
5005.5,4.866,100.803,10.558,1
5006,4.787,99.197,10.444,1
5006.5,4.747,100.402,10.056,1
5007,4.668,104.819,9.572,1
5007.5,4.311,107.631,9.236,1
5008,4.073,111.245,9.163,1
5008.5,4.43,112.048,9.165,1
5009,4.549,108.835,9.501,1
5009.5,4.628,103.614,10.112,1
5010,4.827,100.402,10.359,1
5010.5,4.945,98.795,10.359,1
5011,5.104,98.795,10.359,1
5011.5,5.58,101.606,10.359,1
5012,5.58,106.024,10.187,1
5012.5,5.58,108.835,9.562,1
5013,5.976,110.843,9.163,1
5013.5,6.135,110.442,9.163,1
5014,5.897,108.835,9.163,1
5014.5,5.619,105.221,9.262,1
5015,5.619,100.402,9.748,1
5015.5,5.5,98.795,9.884,1
5016,5.342,97.992,9.96,1
5016.5,5.183,96.386,9.762,1
5017,5.025,95.582,9.896,1
5017.5,4.787,94.378,10.777,1
5018,4.351,91.566,11.033,1
5018.5,4.509,89.96,11.568,1
5019,5.064,86.747,11.904,1
5019.5,5.5,83.936,11.952,1
5020,6.214,81.928,11.726,1
5020.5,6.412,77.108,11.39,1
5021,6.531,76.707,11.355,1
5021.5,6.373,79.116,11.355,1
5022,6.293,79.92,11.355,1
5022.5,6.333,82.329,10.986,1
5023,6.293,84.337,10.441,1
5023.5,6.056,84.337,10.359,1
5024,5.976,84.337,10.167,1
5024.5,6.095,83.936,9.96,1
5025,5.699,83.936,10.338,1
5025.5,5.461,84.739,10.537,1
5026,5.342,85.542,10.736,1
5026.5,5.263,87.149,10.736,1
5027,5.263,89.157,10.736,1
5027.5,5.58,90.361,10.736,1
5028,5.699,91.566,10.712,1
5028.5,5.5,93.173,10.537,1
5029,5.342,95.181,10.537,1
5029.5,5.342,96.386,10.564,1
5030,5.223,95.181,10.736,1
5030.5,4.827,94.378,10.736,1
5031,4.668,93.976,10.783,1
5031.5,4.47,93.173,10.934,1
5032,4.232,93.976,10.934,1
5032.5,4.589,95.582,10.934,1
5033,5.064,93.574,10.934,1
5033.5,5.5,91.566,10.934,1
5034,5.619,86.747,11.337,1
5034.5,5.619,79.92,11.814,1
5035,5.659,75.904,12.326,1
5035.5,5.5,74.297,12.326,1
5036,5.263,73.092,12.326,1
5036.5,5.144,75.904,12.235,1
5037,5.144,80.321,11.502,1
5037.5,4.945,84.337,11.166,1
5038,4.827,87.149,10.897,1
5038.5,4.787,88.353,10.736,1
5039,4.866,85.542,11.245,1
5039.5,5.54,83.133,11.332,1
5040,6.056,80.321,11.332,1
5040.5,6.214,79.116,11.332,1
5041,5.857,79.518,11.526,1
5041.5,5.382,82.329,11.928,1
5042,4.945,83.534,11.928,1
5042.5,4.47,84.337,11.332,1
5043,5.025,84.337,11.332,1
5043.5,5.144,81.928,11.332,1
5044,4.945,80.723,11.332,1
5044.5,4.985,79.116,11.332,1
5045,4.945,83.133,11.332,1
5045.5,4.945,87.952,11.332,1
5046,5.263,91.968,11.165,1
5046.5,5.382,98.394,10.83,1
5047,5.263,100.803,10.555,1
5047.5,4.945,102.41,10.537,1
5048,4.708,100.402,10.537,1
5048.5,4.43,98.394,10.537,1
5049,4.232,95.984,10.537,1
5049.5,4.034,91.968,10.537,1
5050,4.113,95.372,10.53,1
5050.5,4.113,100.201,10.507,1
5051,4.232,105.03,9.836,1
5051.5,4.668,111.469,9.245,1
5052,5.342,113.481,8.964,1
5052.5,5.659,108.652,8.975,1
5053,5.778,102.616,9.485,1
5053.5,5.738,96.982,10.316,1
5054,5.619,91.348,10.751,1
5054.5,5.54,89.738,11.435,1
5055,5.778,87.324,11.819,1
5055.5,5.619,87.324,12.154,1
5056,5.421,87.324,12.302,1
5056.5,5.223,88.531,12.302,1
5057,4.906,92.555,12.006,1
5057.5,4.351,96.177,11.435,1
5058,4.945,101.006,10.64,1
5058.5,5.5,104.628,10.106,1
5059,5.302,106.237,10.119,1
5059.5,5.104,105.835,10.119,1
5060,4.787,105.03,10.119,1
5060.5,4.311,103.823,10.119,1
5061,3.875,101.408,10.119,1
5061.5,4.034,100.604,10.119,1
5062,4.192,99.396,10.362,1
5062.5,3.875,98.592,10.88,1
5063,3.796,98.189,11.033,1
5063.5,3.756,93.36,11.368,1
5064,3.994,91.751,11.704,1
5064.5,3.915,88.531,12.436,1
5065,3.994,82.897,12.573,1
5065.5,4.668,83.3,12.466,1
5066,5.421,86.519,11.312,1
5066.5,6.016,93.36,9.921,1
5067,6.809,102.616,10.119,1
5067.5,6.967,109.054,10.119,1
5068,6.69,109.457,10.119,1
5068.5,6.174,105.835,10.197,1
5069,5.857,99.799,10.868,1
5069.5,5.619,94.567,11.34,1
5070,5.183,92.958,11.508,1
5070.5,5.461,92.958,11.888,1
5071,5.5,93.763,11.905,1
5071.5,5.064,93.36,11.905,1
5072,5.104,91.348,12.317,1
5072.5,4.192,90.543,13.181,1
5073,3.875,90.141,13.69,1
5073.5,4.113,91.348,13.633,1
5074,4.034,94.567,13.095,1
5074.5,4.034,97.787,12.604,1
5075,4.113,98.994,12.202,1
5075.5,4.073,101.006,11.536,1
5076,3.994,101.811,10.948,1
5076.5,3.994,101.006,10.535,1
5077,3.915,101.006,10.516,1
5077.5,3.439,101.408,10.572,1
5078,3.201,99.396,10.714,1
5078.5,3.162,93.763,10.714,1
5079,3.162,91.751,10.718,1
5079.5,3.003,90.543,11.335,1
5080,3.162,90.141,12.698,1
5080.5,3.201,94.567,12.248,1
5081,3.28,98.189,11.706,1
5081.5,3.677,98.189,11.706,1
5082,4.192,98.592,11.361,1
5082.5,4.549,96.982,10.774,1
5083,4.747,94.97,11.036,1
5083.5,4.628,93.763,11.706,1
5084,4.232,92.958,11.706,1
5084.5,3.835,93.36,11.761,1
5085,3.796,92.958,11.905,1
5085.5,3.994,90.946,11.905,1
5086,4.311,88.531,11.905,1
5086.5,4.43,84.507,12.213,1
5087,4.549,80.885,12.578,1
5087.5,4.708,78.873,12.698,1
5088,4.866,79.276,12.545,1
5088.5,5.144,80.08,12.276,1
5089,5.461,80.885,11.94,1
5089.5,5.302,80.885,12.107,1
5090,5.223,81.69,12.302,1
5090.5,5.104,84.105,12.302,1
5091,5.104,84.507,12.302,1
5091.5,5.104,86.922,12.023,1
5092,5.382,90.946,11.648,1
5092.5,5.5,92.153,11.508,1
5093,5.58,92.555,11.775,1
5093.5,5.659,90.946,12.103,1
5094,5.5,88.934,12.103,1
5094.5,5.778,88.129,11.478,1
5095,5.976,86.519,10.959,1
5095.5,6.056,86.922,10.822,1
5096,6.174,87.324,10.714,1
5096.5,5.976,86.519,11.046,1
5097,6.135,84.507,11.348,1
5097.5,6.016,82.093,11.858,1
5098,6.214,80.483,12.217,1
5098.5,6.373,77.666,12.552,1
5099,6.452,76.861,12.888,1
5099.5,6.611,78.068,13.095,1
5100,6.848,78.313,13.121,1
5100.5,6.967,82.731,12.586,1
5101,6.729,87.149,12.118,1
5101.5,6.531,88.353,11.782,1
5102,6.214,89.157,11.517,1
5102.5,5.778,89.96,11.243,1
5103,5.223,91.566,11.133,1
5103.5,4.747,93.574,11.133,1
5104,4.47,95.582,11.133,1
5104.5,4.747,97.992,11.091,1
5105,4.628,98.394,10.755,1
5105.5,4.311,97.992,10.449,1
5106,4.311,95.984,10.338,1
5106.5,4.351,95.984,10.533,1
5107,4.549,95.984,10.668,1
5107.5,4.945,95.582,11.143,1
5108,5.263,98.795,11.515,1
5108.5,5.58,102.811,10.988,1
5109,5.619,105.221,10.453,1
5109.5,5.342,104.819,10.338,1
5110,4.985,102.811,10.656,1
5110.5,4.43,95.984,11.726,1
5111,4.113,93.574,12.127,1
5111.5,3.994,92.369,11.954,1
5112,4.192,93.173,11.531,1
5112.5,4.708,101.205,11.349,1
5113,5.183,103.213,11.524,1
5113.5,5.5,104.016,11.656,1
5114,5.619,104.418,11.73,1
5114.5,5.144,100.803,11.73,1
5115,4.589,96.787,11.928,1
5115.5,3.796,98.394,11.928,1
5116,3.479,100,11.846,1
5116.5,3.598,100.803,11.51,1
5117,3.717,103.213,11.332,1
5117.5,4.192,102.811,11.332,1
5118,4.153,101.205,11.03,1
5118.5,4.272,101.205,10.708,1
5119,4.39,100.803,10.736,1
5119.5,4.39,100.803,10.55,1
5120,4.192,100.803,10.338,1
5120.5,4.073,96.386,10.396,1
5121,4.232,95.181,10.732,1
5121.5,4.113,93.976,11.334,1
5122,4.113,92.369,12.066,1
5122.5,4.232,93.173,12.127,1
5123,4.232,93.173,12.127,1
5123.5,4.192,94.779,12.127,1
5124,4.034,93.976,12.615,1
5124.5,3.954,89.157,12.894,1
5125,4.351,88.353,13.022,1
5125.5,4.39,88.353,13.008,1
5126,4.113,86.345,12.615,1
5126.5,3.756,89.157,12.478,1
5127,3.994,91.566,12.326,1
5127.5,4.747,89.96,12.326,1
5128,4.747,87.952,12.448,1
5128.5,4.747,88.755,13.12,1
5129,4.827,87.55,13.258,1
5129.5,4.866,85.944,13.519,1
5130,4.351,90.361,13.101,1
5130.5,4.866,92.771,12.555,1
5131,5.461,89.558,12.326,1
5131.5,5.58,90.763,12.326,1
5132,5.619,93.574,12.326,1
5132.5,5.738,93.574,12.253,1
5133,5.382,95.181,11.928,1
5133.5,5.183,97.189,11.928,1
5134,5.144,94.779,11.679,1
5134.5,4.945,93.976,11.531,1
5135,4.549,95.984,11.471,1
5135.5,4.47,97.189,11.135,1
5136,4.47,99.197,10.664,1
5136.5,4.549,98.795,10.264,1
5137,4.113,96.787,10.139,1
5137.5,3.637,93.173,10.437,1
5138,3.32,89.96,10.911,1
5138.5,3.954,85.944,11.583,1
5139,4.351,83.133,11.928,1
5139.5,4.787,81.526,12.728,1
5140,5.223,83.133,12.922,1
5140.5,5.382,85.542,12.839,1
5141,4.827,91.165,12.542,1
5141.5,4.708,93.976,12.272,1
5142,4.668,92.369,12.127,1
5142.5,4.668,90.763,11.928,1
5143,4.589,86.747,12.526,1
5143.5,4.39,81.526,12.862,1
5144,5.104,80.723,13.32,1
5144.5,5.58,79.518,13.32,1
5145,5.818,79.116,13.32,1
5145.5,6.016,80.321,13.229,1
5146,6.293,78.313,13.121,1
5146.5,6.571,78.715,13.121,1
5147,6.452,79.116,13.121,1
5147.5,6.65,79.116,13.372,1
5148,6.65,80.321,13.765,1
5148.5,6.492,80.723,14.841,1
5149,6.373,78.313,15.356,1
5149.5,6.095,75.502,15.966,1
5150,5.714,73.092,16.7,1
5150.5,5.119,68.273,17.097,1
5151,3.373,67.068,17.097,1
5151.5,3.016,66.667,17.097,1
5152,3.333,66.265,17.333,1
5152.5,3.929,65.863,17.85,1
5153,5.317,65.863,18.064,1
5153.5,6.23,65.863,17.893,1
5154,5.913,63.855,17.657,1
5154.5,4.048,63.454,17.234,1
5155,2.778,65.462,16.852,1
5155.5,2.659,68.675,16.516,1
5156,3.016,73.092,16.445,1
5156.5,3.452,78.715,16.109,1
5157,4.008,81.124,15.972,1
5157.5,4.524,85.944,15.852,1
5158,4.96,87.149,15.565,1
5158.5,5.079,88.353,15.349,1
5159,5.04,87.55,15.075,1
5159.5,5.119,85.542,14.557,1
5160,5.357,85.944,14.023,1
5160.5,5.635,88.353,13.917,1
5161,5.675,89.558,13.917,1
5161.5,5.675,91.566,13.718,1
5162,5.516,92.771,13.94,1
5162.5,5.516,92.369,14.115,1
5163,5.516,92.369,14.115,1
5163.5,5.516,91.165,13.99,1
5164,5.159,89.157,13.519,1
5164.5,5.238,87.55,13.32,1
5165,5.04,89.558,13.108,1
5165.5,4.881,91.566,12.724,1
5166,4.841,93.574,12.724,1
5166.5,4.524,94.378,12.953,1
5167,4.589,94.378,13.412,1
5167.5,4.668,92.771,13.917,1
5168,4.787,91.566,13.917,1
5168.5,4.945,90.361,13.917,1
5169,5.104,87.952,13.96,1
5169.5,5.58,85.542,14.115,1
5170,5.738,83.936,14.235,1
5170.5,5.659,82.329,14.712,1
5171,5.263,81.526,14.712,1
5171.5,5.104,84.337,14.712,1
5172,5.223,87.952,14.712,1
5172.5,4.985,89.96,14.712,1
5173,4.628,91.968,15.006,1
5173.5,4.351,92.369,15.592,1
5174,4.351,89.558,15.682,1
5174.5,4.43,87.55,15.507,1
5175,4.509,86.345,15.209,1
5175.5,4.351,83.936,15.034,1
5176,4.43,83.133,14.581,1
5176.5,4.47,80.723,14.513,1
5177,4.549,79.116,14.697,1
5177.5,4.549,80.723,14.712,1
5178,4.43,81.526,14.452,1
5178.5,4.509,85.141,14.116,1
5179,4.509,90.763,13.917,1
5179.5,4.47,92.771,13.444,1
5180,4.39,93.173,13.121,1
5180.5,4.589,93.173,13.121,1
5181,4.589,90.763,13.121,1
5181.5,4.47,88.755,12.962,1
5182,4.589,90.361,12.922,1
5182.5,4.628,92.369,12.922,1
5183,4.866,95.984,12.922,1
5183.5,5.168,95.582,12.922,1
5184,5.327,93.574,12.922,1
5184.5,5.525,88.353,12.922,1
5185,5.604,83.534,13.216,1
5185.5,5.446,80.321,13.517,1
5186,5.05,79.92,13.654,1
5186.5,4.416,81.124,13.99,1
5187,4.218,83.534,14.115,1
5187.5,4.02,88.755,13.685,1
5188,3.861,90.763,13.32,1
5188.5,3.822,93.173,13.121,1
5189,3.822,93.173,13.293,1
5189.5,3.822,90.763,13.722,1
5190,3.861,89.96,13.917,1
5190.5,3.782,87.149,13.917,1
5191,3.386,85.542,13.62,1
5191.5,3.584,85.542,12.948,1
5192,3.584,86.747,12.7,1
5192.5,3.584,89.157,12.396,1
5193,3.822,92.771,12.326,1
5193.5,4.218,97.992,12.121,1
5194,4.653,99.598,11.928,1
5194.5,4.812,99.598,11.681,1
5195,4.851,100,11.445,1
5195.5,5.01,100.803,11.332,1
5196,4.97,100.803,11.332,1
5196.5,4.851,99.197,11.433,1
5197,4.851,98.795,12.099,1
5197.5,4.851,97.992,12.127,1
5198,4.851,96.386,12.199,1
5198.5,4.772,95.984,12.762,1
5199,4.337,97.992,12.922,1
5199.5,3.941,94.378,13.311,1
5200,3.743,94.97,13.519,1
5200.5,3.861,98.592,13.519,1
5201,4.059,98.592,13.519,1
5201.5,3.901,98.592,13.519,1
5202,3.584,97.787,13.519,1
5202.5,3.584,95.372,13.519,1
5203,3.149,91.751,13.519,1
5203.5,2.792,90.141,13.425,1
5204,2.515,91.348,13.089,1
5204.5,2.554,91.751,12.922,1
5205,2.752,92.958,12.724,1
5205.5,3.188,94.165,12.724,1
5206,3.663,98.189,12.61,1
5206.5,3.941,100.604,12.473,1
5207,4.178,104.225,12.326,1
5207.5,4.297,108.652,11.803,1
5208,4.535,109.054,11.666,1
5208.5,4.495,110.664,11.531,1
5209,4.851,115.091,11.393,1
5209.5,4.891,112.274,10.934,1
5210,4.851,112.274,10.934,1
5210.5,4.535,112.274,10.934,1
5211,4.218,112.274,10.956,1
5211.5,4.059,109.457,11.133,1
5212,3.98,107.445,10.934,1
5212.5,4.059,105.03,10.736,1
5213,4.297,101.006,10.736,1
5213.5,4.416,99.396,10.843,1
5214,4.495,101.408,10.934,1
5214.5,4.733,105.03,10.753,1
5215,5.129,106.237,10.736,1
5215.5,5.446,109.859,10.736,1
5216,5.168,110.664,10.736,1
5216.5,4.931,110.262,10.736,1
5217,4.668,113.078,10.736,1
5217.5,4.866,116.7,10.736,1
5218,4.945,116.298,10.592,1
5218.5,5.263,113.481,10.537,1
5219,5.659,109.859,11.207,1
5219.5,5.382,107.445,11.928,1
5220,5.461,105.433,11.928,1
5220.5,5.659,105.03,12.127,1
5221,5.897,106.237,12.127,1
5221.5,5.937,106.64,12.127,1
5222,6.174,106.237,12.127,1
5222.5,6.056,101.811,12.127,1
5223,6.056,103.421,11.944,1
5223.5,5.857,105.835,11.808,1
5224,5.382,107.847,11.344,1
5224.5,5.302,117.505,11.332,1
5225,5.382,123.944,11.332,1
5225.5,5.58,124.748,11.332,1
5226,5.778,124.748,11.332,1
5226.5,5.699,119.92,11.332,1
5227,5.382,113.883,10.688,1
5227.5,5.382,110.664,10.139,1
5228,5.421,107.847,10.115,1
5228.5,5.58,105.433,9.94,1
5229,5.302,105.433,9.594,1
5229.5,4.827,106.237,9.191,1
5230,4.113,112.676,8.933,1
5230.5,3.32,122.736,8.748,1
5231,3.003,127.968,8.477,1
5231.5,4.589,126.358,8.35,1
5232,5.421,121.529,8.915,1
5232.5,5.5,115.091,10.119,1
5233,5.064,105.835,10.274,1
5233.5,5.198,104.628,9.742,1
5234,5,106.237,10.293,1
5234.5,4.802,105.433,10.811,1
5235,4.841,104.628,10.934,1
5235.5,5.04,106.237,10.934,1
5236,5.278,106.64,10.934,1
5236.5,5.238,107.042,10.512,1
5237,5.278,107.847,10.176,1
5237.5,5.476,107.445,9.742,1
5238,5.119,106.237,9.742,1
5238.5,5.159,101.811,9.742,1
5239,5.238,100.604,9.742,2
5239.5,5.397,103.421,9.84,2
5240,5.437,103.018,10.325,2
5240.5,5.437,103.823,10.783,2
5241,5.556,104.225,11.393,2
5241.5,5.317,100.604,11.926,2
5242,4.802,99.396,12.199,2
5242.5,4.921,96.579,12.797,2
5243,5.079,93.36,13.32,2
5243.5,5.119,94.97,13.32,2
5244,5.278,96.982,13.32,2
5244.5,5.437,99.799,13.32,2
5245,5.516,104.225,13.161,2
5245.5,5.675,106.64,12.826,2
5246,6.19,106.237,12.257,2
5246.5,6.111,105.433,11.757,2
5247,5.913,107.042,11.115,2
5247.5,5.992,107.445,10.934,2
5248,5.873,106.64,10.934,2
5248.5,5.675,105.03,10.934,2
5249,5.397,103.421,11.457,2
5249.5,5.198,100.604,11.854,2
5250,4.975,100.2,12.351,2
5250.5,4.499,100.2,13.359,2
5251,4.062,101.403,14.093,2
5251.5,3.744,103.407,14.976,2
5252,4.022,103.808,15.62,2
5252.5,3.982,107.014,15.936,2
5253,3.585,107.014,15.78,2
5253.5,3.466,107.014,15.396,2
5254,3.347,108.216,14.975,2
5254.5,3.227,112.224,14.44,2
5255,3.227,115.03,14.084,2
5255.5,3.823,118.236,13.762,2
5256,4.657,121.844,13.1,2
5256.5,5.134,126.653,12.948,2
5257,5.253,127.054,12.948,2
5257.5,5.412,127.054,12.948,2
5258,5.372,127.455,12.751,2
5258.5,6.048,125.852,12.414,2
5259,5.73,124.248,11.942,2
5259.5,5.412,123.447,11.27,2
5260,5.214,125.852,9.841,2
5260.5,5.293,126.253,9.343,2
5261,5.571,133.066,8.282,2
5261.5,5.372,150.701,7.412,2
5262,5.372,171.543,7.171,2
5262.5,7.716,178.357,7.171,2
5263,9.186,172.745,7.378,2
5263.5,8.908,152.705,7.81,2
5264,8.352,134.269,8.502,2
5264.5,7.358,111.824,9.195,2
5265,7.239,105.01,10.12,2
5265.5,6.524,106.613,10.938,2
5266,5.968,110.22,12.08,2
5266.5,5.253,113.828,12.151,2
5267,4.816,116.633,11.681,2
5267.5,4.459,118.236,11.481,2
5268,4.578,117.034,11.155,2
5268.5,5.293,111.423,11.155,2
5269,5.571,107.014,10.871,2
5269.5,5.611,103.808,10.535,2
5270,5.77,101.403,10.199,2
5270.5,5.889,101.804,10.159,2
5271,5.611,104.609,10.428,2
5271.5,5.611,106.212,10.928,2
5272,5.65,109.419,11.038,2
5272.5,5.73,110.621,11.155,2
5273,5.73,110.22,10.558,2
5273.5,5.571,110.621,10.371,2
5274,5.69,110.22,10.359,2
5274.5,5.849,110.22,10.359,2
5275,5.873,112.851,10.537,2
5275.5,6.111,114.859,10.673,2
5276,6.349,115.663,10.81,2
5276.5,6.548,115.261,11.133,2
5277,6.548,116.064,11.282,2
5277.5,6.389,112.048,11.332,2
5278,6.151,106.827,11.499,3
5278.5,5.635,103.213,11.719,3
5279,5.159,100.402,11.992,3
5279.5,4.246,100,12.494,3
5280,3.611,101.606,13.135,3
5280.5,3.611,100.402,13.917,3
5281,3.532,95.181,14.425,3
5281.5,3.333,90.763,15.581,3
5282,3.135,85.141,16.946,3
5282.5,3.095,80.321,19.245,3
5283,3.254,78.313,20.08,3
5283.5,3.452,75.502,21.743,3
5284,4.167,73.092,23.618,3
5284.5,4.286,71.888,25.035,3
5285,4.643,69.88,26.561,3
5285.5,5.198,70.281,27.885,3
5286,5.556,69.478,28.737,3
5286.5,5.833,67.871,29.698,3
5287,6.071,67.871,30.02,3
5287.5,6.19,66.265,30.02,3
5288,6.19,65.863,29.312,3
5288.5,5.04,66.265,28.306,3
5289,4.484,69.076,26.945,3
5289.5,4.087,73.896,25.666,3
5290,4.167,79.518,24.599,3
5290.5,4.325,81.526,23.695,3
5291,4.206,83.534,22.481,3
5291.5,3.968,84.739,21.341,3
5292,3.77,85.542,20.872,3
5292.5,3.69,85.542,20.258,3
5293,3.81,86.747,19.765,3
5293.5,4.087,89.558,19.189,3
5294,3.413,92.771,18.632,3
5294.5,3.095,98.394,17.803,3
5295,2.659,98.394,16.779,3
5295.5,2.341,96.787,16.307,3
5296,2.302,91.566,15.438,3
5296.5,2.659,90.361,15.109,3
5297,3.016,90.763,15.001,3
5297.5,3.016,90.763,14.758,3
5298,3.571,90.763,15.048,3
5298.5,4.206,86.345,16.285,3
5299,4.087,81.124,18.441,3
5299.5,3.77,75.502,20.851,3
5300,3.571,71.888,22.649,3
5300.5,3.492,67.871,24.229,3
5301,3.651,66.265,26.189,3
5301.5,4.087,66.667,28.098,3
5302,4.603,67.871,29.167,3
5302.5,5.238,69.88,28.856,3
5303,5.873,71.888,28.185,3
5303.5,6.31,73.896,27.316,3
5304,6.746,75.1,26.815,3
5304.5,6.627,77.108,26.149,3
5305,6.667,77.912,25.635,3
5305.5,6.825,76.305,25.478,3
5306,6.905,74.699,25.397,3
5306.5,7.024,74.699,25.589,3
5307,6.905,73.494,26.056,3
5307.5,6.746,73.896,26.389,3
5308,6.587,74.297,26.397,3
5308.5,6.31,72.691,26.587,3
5309,6.151,72.691,26.984,3
5309.5,6.111,73.896,26.984,3
5310,6.111,75.502,26.984,3
5310.5,6.071,75.904,26.887,3
5311,5.794,78.313,26.786,3
5311.5,5.437,78.715,26.374,3
5312,5.119,76.305,25.77,3
5312.5,4.683,77.108,25.149,3
5313,4.563,77.912,24.44,3
5313.5,4.127,77.108,23.185,3
5314,3.532,78.715,21.373,3
5314.5,3.135,81.928,20.433,3
5315,3.373,83.936,19.831,3
5315.5,3.81,84.337,19.422,3
5316,4.008,85.141,18.899,3
5316.5,4.087,84.337,18.849,3
5317,4.008,85.141,18.651,3
5317.5,3.81,85.542,18.651,3
5318,3.492,82.731,18.713,3
5318.5,3.373,81.124,19.285,3
5319,3.611,79.92,20.148,3
5319.5,3.611,79.116,20.437,3
5320,3.492,79.92,20.185,3
5320.5,3.571,84.739,19.66,3
5321,3.611,86.747,18.989,3
5321.5,4.008,87.55,18.451,3
5322,4.365,88.755,17.643,3
5322.5,4.087,91.165,17.034,3
5323,4.087,91.968,16.321,3
5323.5,3.968,91.968,15.873,3
5324,3.889,93.173,15.522,3
5324.5,3.492,92.369,15.419,3
5325,3.28,91.566,15.104,3
5325.5,2.884,93.976,14.702,3
5326,2.805,95.181,14.314,3
5326.5,2.448,96.386,14.314,3
5327,2.408,97.992,14.314,3
5327.5,2.369,95.582,14.314,3
5328,2.052,94.378,14.64,3
5328.5,1.814,92.369,14.83,3
5329,2.607,90.763,15.449,3
5329.5,2.408,92.369,16.129,3
5330,2.567,94.378,17.429,3
5330.5,3.399,94.378,18.543,3
5331,3.835,94.779,19.517,3
5331.5,4.272,91.165,21.065,3
5332,5.025,86.345,22.759,3
5332.5,5.619,81.928,23.37,3
5333,6.174,78.715,24.419,3
5333.5,6.373,76.305,25.584,3
5334,6.928,75.904,26.873,3
5334.5,7.522,75.904,27.457,3
5335,7.879,76.707,28.416,3
5335.5,7.919,79.518,28.824,3
5336,7.879,81.928,28.962,3
5336.5,7.8,86.345,29.173,3
5337,7.998,85.141,30.266,3
5337.5,8.196,83.133,31.014,3
5338,8.117,79.116,30.574,3
5338.5,7.205,72.691,29.744,3
5339,5.619,69.076,28.741,3
5339.5,4.272,67.871,26.991,3
5340,3.36,69.076,24.639,3
5340.5,2.963,73.896,20.763,3
5341,3.201,80.321,18.048,3
5341.5,3.439,89.558,16.1,3
5342,3.756,97.59,14.28,3
5342.5,4.192,103.614,13.131,3
5343,4.351,106.827,12.722,3
5343.5,4.43,106.426,12.121,3
5344,4.589,104.016,11.499,3
5344.5,4.945,103.614,11.286,3
5345,4.985,102.41,10.736,3
5345.5,4.787,100.803,10.537,3
5346,4.628,102.41,10.537,3
5346.5,4.549,104.819,10.537,3
5347,4.47,105.622,10.537,3
5347.5,4.39,106.426,10.58,3
5348,4.311,108.032,10.916,3
5348.5,3.875,106.426,11.252,3
5349,4.311,105.221,13.018,3
5349.5,4.509,98.795,14.254,3
5350,4.272,90.361,15.374,3
5350.5,3.954,81.526,17.843,3
5351,3.479,72.289,19.702,3
5351.5,2.844,67.871,20.421,3
5352,2.369,66.667,20.636,3
5352.5,2.725,69.478,21.04,3
5353,3.162,73.092,19.304,3
5353.5,3.32,78.313,16.938,3
5354,3.756,83.534,15.547,3
5354.5,4.192,91.566,14.629,3
5355,4.549,94.779,13.585,3
5355.5,5.461,97.992,12.078,3
5356,5.937,96.787,10.709,3
5356.5,6.174,95.181,9.794,3
5357,6.69,96.386,9.473,3
5357.5,7.047,99.598,9.145,3
5358,7.284,102.008,9.145,3
5358.5,7.166,106.827,9.145,3
5359,7.007,110.843,9.145,3
5359.5,6.848,114.056,9.145,3
5360,6.848,115.261,8.946,3
5360.5,6.928,115.663,8.946,3
5361,6.848,113.655,8.953,3
5361.5,6.65,109.639,9.288,3
5362,6.65,108.835,9.543,3
5362.5,6.809,108.032,9.543,3
5363,7.166,106.827,9.695,3
5363.5,7.284,105.622,9.742,3
5364,7.364,105.221,9.742,3
5364.5,7.483,101.606,9.742,3
5365,7.602,102.41,9.742,3
5365.5,7.443,102.41,9.742,3
5366,7.245,102.41,9.742,3
5366.5,6.928,102.41,9.742,3
5367,6.492,102.811,9.742,3
5367.5,6.928,104.418,9.742,3
5368,7.047,106.024,9.728,3
5368.5,7.086,107.229,9.742,3
5369,7.364,105.221,9.742,3
5369.5,7.641,104.819,9.742,3
5370,7.443,104.819,9.742,3
5370.5,7.522,104.016,9.742,3
5371,7.681,104.418,9.742,3
5371.5,7.245,105.622,9.94,3
5372,6.809,106.426,9.94,3
5372.5,6.729,106.827,9.94,3
5373,7.284,105.622,9.94,3
5373.5,7.681,104.418,9.94,3
5374,7.721,102.008,9.98,3
5374.5,7.245,99.197,10.414,3
5375,7.126,99.799,10.239,3
5375.5,7.007,99.396,10.374,3
5376,6.848,99.396,10.709,3
5376.5,6.809,100.201,12.078,3
5377,6.492,98.592,13.892,3
5377.5,6.016,94.567,14.944,3
5378,4.311,91.751,15.52,3
5378.5,3.28,86.922,16.859,3
5379,3.043,87.726,18.522,3
5379.5,3.32,94.567,20.261,3
5380,4.351,97.787,20.808,3
5380.5,4.589,98.592,21.074,3
5381,4.073,100.201,21.074,3
5381.5,3.479,99.799,21.074,3
5382,3.479,99.396,21.074,3
5382.5,3.637,103.421,21.074,3
5383,3.835,107.445,21.491,3
5383.5,4.192,109.457,21.359,3
5384,4.351,110.262,20.875,3
5384.5,4.549,107.445,20.477,3
5385,4.906,107.445,19.98,3
5385.5,5.461,103.018,19.476,3
5386,6.056,100.201,18.728,3
5386.5,5.897,98.592,17.213,3
5387,5.58,94.567,16.474,3
5387.5,5.183,92.555,15.867,3
5388,5.183,94.165,15.586,3
5388.5,5.183,97.787,15.507,3
5389,5.421,101.811,15.507,3
5389.5,5.223,103.421,14.652,3
5390,4.747,103.823,14.513,3
5390.5,4.945,102.213,14.513,3
5391,5.223,98.994,14.513,3
5391.5,5.263,99.396,14.437,3
5392,5.382,100.604,14.314,3
5392.5,5.461,100.604,14.314,3
5393,5.699,103.823,14.294,3
5393.5,6.135,104.225,14.115,3
5394,6.69,105.03,14.115,3
5394.5,8.077,105.835,14.115,3
5395,8.593,107.042,14.115,3
5395.5,8.91,107.847,14.115,3
5396,8.87,109.054,14.115,3
5396.5,8.751,111.469,14.297,3
5397,8.751,112.274,14.274,4
5397.5,8.672,111.871,14.43,4
5398,8.276,110.664,14.765,4
5398.5,7.839,105.835,15.288,4
5399,7.562,101.408,15.759,4
5399.5,7.007,98.592,16.627,4
5400,6.396,98.189,17.495,4
5400.5,5.564,93.763,18.29,4
5401,5.168,95.372,17.874,4
5401.5,4.812,98.592,17.349,4
5402,4.574,98.592,16.814,4
5402.5,5.01,98.994,16.478,4
5403,5.287,101.006,15.981,4
5403.5,5.485,101.408,15.442,4
5404,5.842,103.421,14.6,4
5404.5,6.396,105.433,14.115,4
5405,6.356,106.64,13.824,4
5405.5,6.317,109.457,13.335,4
5406,6.317,109.859,12.525,4
5406.5,5.723,115.895,12.525,4
5407,5.089,123.139,12.722,4
5407.5,6.317,118.31,13.257,4
5408,6.238,111.871,13.742,4
5408.5,5.604,101.811,14.75,4
5409,4.455,87.324,15.757,4
5409.5,3.149,80.08,16.478,4
5410,1.644,84.909,18.224,4
5410.5,1.683,93.763,19.74,4
5411,2.713,100.604,19.917,4
5411.5,3.465,101.408,19.561,4
5412,4.178,103.018,18.266,4
5412.5,4.218,106.237,17.147,4
5413,3.505,106.237,16.513,4
5413.5,3.822,107.847,16.103,4
5414,4.218,106.237,15.905,4
5414.5,5.327,89.738,16.103,4
5415,6.554,80.885,16.103,4
5415.5,8.218,73.239,15.551,4
5416,8.139,67.606,15.097,4
5416.5,8.218,67.606,14.824,4
5417,8.337,70.423,14.712,4
5417.5,8.297,74.447,14.712,4
5418,8.416,78.873,14.712,4
5418.5,9.01,82.093,14.606,4
5419,8.693,81.69,14.469,4
5419.5,7.465,80.885,14.178,4
5420,7.149,79.276,13.863,4
5420.5,7.386,76.056,13.718,4
5421,7.941,72.032,14.162,4
5421.5,9.564,70.423,14.447,4
5422,10.673,71.227,14.783,4
5422.5,11.03,73.239,15.119,4
5423,10.752,73.239,15.602,4
5423.5,10.04,77.264,16.247,4
5424,8.614,76.861,17.145,4
5424.5,7.743,70.423,17.495,4
5425,8.157,67.203,17.893,4
5425.5,8.751,62.777,18.726,4
5426,9.267,60.362,18.887,4
5426.5,10.733,61.569,18.887,4
5427,11.249,66.398,18.518,4
5427.5,11.051,72.435,18.168,4
5428,10.535,74.849,17.511,4
5428.5,10.139,74.849,16.701,4
5429,9.782,74.447,16.228,4
5429.5,9.623,74.447,15.706,4
5430,10.496,74.447,15.706,4
5430.5,10.496,80.08,15.706,4
5431,10.02,85.312,15.706,4
5431.5,8.949,86.117,15.706,4
5432,8.117,84.909,15.706,4
5432.5,8.593,79.678,15.808,4
5433,9.465,74.849,15.905,4
5433.5,10.099,71.227,15.905,4
5434,10.059,72.435,15.589,4
5434.5,9.861,78.471,15.126,4
5435,9.623,81.288,14.92,4
5435.5,9.148,86.519,14.515,4
5436,8.315,88.934,13.845,4
5436.5,7.76,90.946,13.445,4
5437,7.324,93.36,12.914,4
5437.5,6.373,94.567,12.724,4
5438,5.778,98.189,12.745,4
5438.5,5.064,99.396,13.041,4
5439,4.39,100.201,13.121,4
5439.5,3.954,104.225,13.121,4
5440,3.28,108.249,13.121,4
5440.5,2.924,109.457,12.724,4
5441,3.201,110.664,12.542,4
5441.5,3.201,110.262,12.525,4
5442,3.518,105.433,12.782,4
5442.5,3.994,101.006,12.922,4
5443,4.311,101.006,13.121,4
5443.5,4.827,100.201,13.121,4
5444,4.906,99.396,13.121,4
5444.5,4.787,99.799,13.06,4
5445,4.589,101.006,12.618,4
5445.5,4.39,103.823,12.326,4
5446,4.311,103.823,12.554,4
5446.5,4.351,101.811,12.724,4
5447,4.39,101.811,12.724,4
5447.5,4.47,99.396,12.922,4
5448,4.549,96.177,12.922,4
5448.5,4.311,97.384,12.87,4
5449,4.43,103.018,12.724,4
5449.5,4.232,108.249,12.525,4
5450,3.889,110.04,12.698,4
5450.5,3.651,115.663,12.5,4
5451,3.532,117.269,12.427,4
5451.5,3.611,112.851,12.292,4
5452,3.73,111.245,11.958,4
5452.5,4.762,109.639,11.905,4
5453,5.754,102.811,11.905,4
5453.5,6.627,99.598,11.905,4
5454,7.024,95.984,11.958,4
5454.5,7.143,89.558,12.545,4
5455,7.103,86.345,12.698,4
5455.5,6.865,83.936,12.698,4
5456,6.825,83.133,13.003,4
5456.5,6.944,84.739,13.492,4
5457,6.667,85.141,13.492,4
5457.5,6.23,83.534,13.492,4
5458,6.23,81.928,13.492,4
5458.5,6.389,79.518,13.492,4
5459,6.468,76.707,13.492,4
5459.5,6.627,74.297,13.889,4
5460,6.746,76.707,13.69,4
5460.5,6.786,79.116,13.356,4
5461,6.468,83.936,13.221,4
5461.5,6.27,89.558,12.897,4
5462,6.31,93.574,12.897,4
5462.5,6.667,94.779,12.897,4
5463,6.865,94.378,12.897,4
5463.5,6.825,93.173,13.472,4
5464,5.714,91.165,13.69,4
5464.5,4.762,89.558,13.69,4
5465,4.087,93.173,13.69,4
5465.5,3.651,99.197,13.727,4
5466,2.897,106.024,13.889,4
5466.5,2.341,115.261,13.889,4
5467,1.905,121.687,13.889,4
5467.5,1.31,126.104,13.889,4
5468,1.23,126.506,13.889,4
5468.5,1.19,128.916,13.7,4
5469,1.587,127.309,13.366,4
5469.5,2.024,124.9,13.199,4
5470,2.222,121.687,12.897,4
5470.5,1.706,120.482,12.698,4
5471,1.19,120.08,12.698,4
5471.5,0.635,118.072,12.698,4
5472,0.794,112.851,12.619,4
5472.5,0.992,106.426,12.289,4
5473,1.151,101.606,12.039,4
5473.5,1.944,98.394,11.749,4
5474,1.905,97.992,11.614,4
5474.5,1.746,102.811,11.31,4
5475,1.667,107.631,11.31,4
5475.5,1.429,114.056,11.31,4
5476,1.429,119.679,11.31,4
5476.5,1.905,124.498,10.913,4
5477,2.341,123.293,10.866,4
5477.5,2.619,120.08,10.714,4
5478,2.619,116.466,10.595,4
5478.5,2.46,113.253,10.516,4
5479,2.381,112.45,10.516,4
5479.5,2.183,112.048,10.516,4
5480,2.143,110.04,10.516,4
5480.5,2.302,109.639,10.651,4
5481,2.857,111.245,10.985,4
5481.5,2.857,112.45,10.986,4
5482,2.857,112.851,10.754,4
5482.5,3.095,114.859,9.987,4
5483,3.889,112.45,9.306,4
5483.5,4.921,106.426,8.972,4
5484,5.913,102.008,8.929,4
5484.5,6.627,96.386,8.929,4
5485,7.103,92.369,8.929,4
5485.5,7.421,90.361,9.127,4
5486,7.738,87.55,9.127,4
5486.5,7.857,85.542,9.127,4
5487,7.738,85.542,9.127,4
5487.5,7.54,85.542,9.127,4
5488,7.5,87.952,9.127,4
5488.5,6.905,92.771,9.127,4
5489,6.825,95.181,9.127,4
5489.5,6.786,95.984,9.127,4
5490,6.389,94.378,9.127,4
5490.5,5.992,90.361,9.127,4
5491,5.794,89.96,9.332,4
5491.5,5.159,91.566,9.524,4
5492,4.841,94.378,9.782,4
5492.5,4.921,100.402,9.921,4
5493,4.246,102.811,9.921,4
5493.5,3.532,104.819,10.142,4
5494,3.254,106.426,10.635,4
5494.5,2.778,108.434,11.111,4
5495,2.698,111.245,11.111,4
5495.5,2.659,115.663,11.009,4
5496,2.698,115.261,10.833,4
5496.5,2.976,114.859,10.516,4
5497,3.492,116.064,10.516,4
5497.5,3.492,118.072,10.565,4
5498,3.095,118.072,10.714,4
5498.5,2.817,116.867,10.837,4
5499,2.857,113.655,10.913,4
5499.5,2.421,109.639,11.042,4
5500,2.381,106.426,11.17,4
5500.5,2.5,107.229,11.489,4
5501,2.619,110.04,11.683,4
5501.5,2.421,110.04,11.683,4
5502,2.302,112.45,11.683,4
5502.5,1.667,114.458,11.683,4
5503,1.032,113.253,11.971,4
5503.5,0.675,116.867,12.333,4
5504,0.516,120.482,12.837,4
5504.5,0.516,120.884,13.369,4
5505,0.714,118.072,13.663,4
5505.5,1.746,112.048,13.839,4
5506,3.889,107.631,14.286,4
5506.5,6.19,97.992,14.954,4
5507,8.929,97.992,15.248,4
5507.5,9.802,98.394,15.769,4
5508,10.317,98.394,16.364,4
5508.5,10.635,95.582,16.933,4
5509,11.032,92.771,17.228,4
5509.5,11.389,90.361,17.435,4
5510,11.627,88.353,17.769,4
5510.5,11.984,87.55,18.301,4
5511,11.508,87.55,18.437,4
5511.5,10.913,86.747,18.457,4
5512,7.698,87.55,17.998,4
5512.5,3.77,90.763,17.624,4
5513,2.817,92.771,16.956,4
5513.5,3.452,96.386,16.634,4
5514,4.921,98.795,15.929,4
5514.5,5.833,102.811,15.446,4
5515,5.992,108.434,14.904,4
5515.5,4.841,114.859,15.05,4
5516,4.246,118.474,15.05,4
5516.5,4.881,120.08,15.248,4
5517,5.437,119.277,15.248,4
5517.5,7.103,110.843,15.248,4
5518,8.452,106.426,15.248,4
5518.5,8.889,104.418,15.035,4
5519,9.087,101.205,14.626,4
5519.5,8.611,103.614,13.971,4
5520,7.738,105.221,13.465,4
5520.5,6.706,105.221,13.303,4
5521,5.754,106.024,12.871,4
5521.5,5.675,108.032,12.475,4
5522,5.556,108.434,12.475,4
5522.5,5.238,108.835,12.475,4
5523,4.683,110.04,11.979,4
5523.5,4.563,110.04,11.683,4
5524,3.77,110.442,11.683,4
5524.5,3.413,115.261,11.683,4
5525,2.937,118.876,11.706,4
5525.5,3.095,120.08,11.706,4
5526,3.81,120.08,11.706,4
5526.5,4.643,114.458,11.706,4
5527,5.119,107.229,11.854,4
5527.5,5.079,103.614,12.103,4
5528,3.968,101.205,12.302,4
5528.5,3.532,100.803,12.462,4
5529,2.579,101.606,12.698,4
5529.5,2.222,102.008,12.698,4
5530,1.706,105.622,12.698,4
5530.5,1.627,111.245,12.698,4
5531,1.508,122.892,12.514,4
5531.5,1.825,127.711,11.868,4
5532,2.302,138.153,11.056,4
5532.5,3.016,136.948,10.721,4
5533,3.492,133.735,10.386,4
5533.5,4.087,130.924,10.119,4
5534,4.484,124.498,9.915,4
5534.5,4.484,114.859,9.722,4
5535,4.365,114.458,9.643,4
5535.5,4.008,119.679,9.325,4
5536,3.81,127.711,9.479,4
5536.5,3.69,146.988,9.524,4
5537,3.889,169.076,9.524,4
5537.5,4.325,179.92,9.524,4
5538,5.079,189.157,9.524,4
5538.5,6.111,181.928,9.483,4
5539,6.667,173.494,9.325,4
5539.5,6.984,148.996,9.127,4
5540,7.262,130.12,9.074,4
5540.5,7.302,121.687,8.929,4
5541,7.302,113.655,8.929,4
5541.5,7.302,110.843,9.126,4
5542,7.302,111.647,9.427,4
5542.5,7.302,110.843,9.53,4
5543,7.143,107.631,9.865,4
5543.5,6.984,105.221,10.593,4
5544,6.865,104.016,10.733,4
5544.5,6.587,102.811,11.222,4
5545,5.913,101.606,11.693,4
5545.5,4.643,103.213,12.53,4
5546,3.333,102.41,12.698,4
5546.5,2.698,100.402,12.897,4
5547,2.063,100.402,12.897,4
5547.5,2.54,100.402,12.897,4
5548,3.254,100.402,12.598,4
5548.5,3.611,103.213,11.929,4
5549,3.413,105.221,11.458,4
5549.5,3.413,106.827,10.866,4
5550,3.413,107.631,10.714,4
5550.5,3.095,108.032,10.982,4
5551,3.056,106.024,11.323,4
5551.5,3.214,102.811,12.133,4
5552,3.175,101.606,12.5,4
5552.5,2.897,103.213,12.517,4
5553,2.5,106.426,12.698,4
5553.5,1.944,110.04,12.698,4
5554,1.944,113.253,12.698,4
5554.5,2.5,113.253,12.698,4
5555,3.532,111.245,12.533,4
5555.5,4.048,106.426,12.302,4
5556,4.444,100.402,12.302,4
5556.5,4.444,90.361,12.302,4
5557,3.69,85.944,12.302,4
5557.5,2.976,86.747,12.302,4
5558,2.698,87.952,12.302,4
5558.5,2.698,90.361,12.302,4
5559,2.897,92.771,12.158,4
5559.5,3.175,93.173,11.905,4
5560,3.73,92.369,11.905,4
5560.5,4.008,93.173,11.905,4
5561,3.73,93.574,11.905,4
5561.5,3.532,93.574,11.905,4
5562,3.333,99.197,11.786,4
5562.5,2.937,104.016,12.335,4
5563,2.976,110.04,12.698,4
5563.5,3.095,118.876,13.185,4
5564,3.175,120.884,13.519,4
5564.5,3.056,121.285,13.69,4
5565,2.619,120.482,13.69,4
5565.5,2.024,114.859,13.69,4
5566,1.429,110.04,13.995,4
5566.5,1.349,107.229,14.087,4
5567,1.706,106.426,14.087,4
5567.5,2.024,106.426,13.889,4
5568,2.063,108.032,13.439,4
5568.5,1.905,110.442,13.294,4
5569,1.508,113.253,13.294,4
5569.5,1.349,116.867,13.294,4
5570,1.389,116.466,13.294,4
5570.5,1.627,116.466,12.897,4
5571,1.905,115.663,12.743,4
5571.5,1.706,114.859,12.622,4
5572,1.667,114.859,12.5,4
5572.5,1.667,114.859,12.5,4
5573,1.786,114.859,12.5,4
5573.5,2.183,114.859,12.5,4
5574,2.579,114.056,12.5,4
5574.5,2.778,112.851,12.5,4
5575,2.659,112.45,12.5,4